"Tobacco use is the leading cause of preventable disease, disability, and death in the United States. An estimated 28.3 million U.S. adults smoke cigarettes,"
"and about 3.08 million U.S. middle and high school students use at least one tobacco product, including e-cigarettes. Every day, about 1,600 U.S. youth younger"
"than 18 years smoke their first cigarette. Each year, nearly half a million Americans die prematurely of smoking or exposure to secondhand smoke. Another 16 million"
"live with a serious illness caused by smoking. Each year, the United States spends more than $225 billion on medical care to treat smoking-related disease in adults."
""
"тг┐тг┐тг┐тг┐тг┐тг╢тг╢тг╢тгдтгдтгдтгАтгАтгАтаАтаАтаАтаАтаАтаАтаАтаАтаАтаАтвВтаНтвптбЩтбЬтгДтвБтбЫта╗та╖тг╢тготгнтгЙтгЫтаЫта┐тг┐тг┐тг┐тг┐тг┐тг┐тг┐тбЯтв╖та╛тбЭтв┐тг┐тг┐тг┐тг┐тг┐тг┐тг┐тг┐тг┐тг┐тг┐тг┐тг┐тг┐тг┐тг┐тг┐тг┐тг┐тг┐тг┐тг┐тг┐тг┐тг┐тг┐тг┐тг┐тг┐тг┐тг┐тг┐тг┐тг┐тг┐тв┐тг┐тб┐тв┐та┐тб╗тв┐тв╗та┐тг╗"
"тг┐тг┐тг┐тг┐тг┐тг┐тг┐тг┐тг┐тг┐тг┐тг┐тг┐тг┐тг┐тбЗтаАтаАтаАтаАтаАтаАтаАтаАтвАтгИтбДтаМтаРтбМтаТтбйта│тв╡тв▓тбдтгнтгНтгЫта╗та╖тажтвйтгЭтгЫтб╗та┐тв┐тг┐тг╖тг┐тг╛тг╢тгмтгЩтб╗та┐тг┐тг┐тг╛тгЯтб┐тг┐тг┐тг┐тг┐тг┐тг┐тг┐тг┐тг┐тб┐тв┐тг┐тг┐тг┐тг┐тг┐та┐тг┐тг┐тг┐тв┐тб╗тгЯтглтвПтб╝тгбтвЖтб╣твМтб▒тгСтаотбетвУтб░"
"тг┐тг┐тг┐тг┐тг┐тг┐тг┐тг┐тг┐тг┐тг┐тг┐тг┐тг┐тг┐тбЗтаАтаАтаАтаАтаАтаАтаАтаАтг╛тг┐тг┐тг┐тг╖тг╢тг╢тгетг╡тгВтбВтаетвГтаЫтбЪта┐та┐тг┐тг┐тг┐тг┐тг┐тг┐тг╢тгжтгнтгЩтбЫта┐тг┐тг┐тг┐тг╖тгжтгНтбЫтаптг┐тг╖тгптгЯтв┐тг┐таЫтгЯтгЩтгВтг░тбЮтаЛтвЯтглтг╖тгвтвйтаЩтгЪтгЩтглтг╖тг┐тг╛тг╖тг┐тг╖тгптгнтгнтг┤тгетг╛тг╜тгптг╜"
"тг┐тг┐тг┐тг┐тг┐тг┐тг┐тг┐тг┐тг┐тг┐тг┐тг┐тг┐тг┐таБтаАтаАтаАтаАтаАтаАтаАтаАтг┐тг┐тг┐тг┐тг┐тг┐тг┐тг┐тг┐тг┐тг┐тг┐тг┐тг╢тг╛тгмтгФтгВтбМта╣тбЩта┐тв┐тв┐тг┐тг┐тг┐тг┐тг╖тгжтаитвЙтгЫта┐тв┐тг┐тг╖тгжтбНтвЩтаЫтгЛтг┤тг┐тг┐тг┐тг┐тбзтаИтаБтапта╣таЫтаБтбАтаКтаЙтаЩтаЫтв┐тг┐та┐тб┐тв┐та┐та┐та┐та┐таЯтб┐та╗таЫтаЯтаГ"
"тг┐тг┐тг┐тг┐тг┐тг┐тг┐тг┐тг┐тг┐тг┐тг┐тг┐тг┐тг┐таАтаАтаАтаАтаАтаАтаАтаАтватг┐тг┐тг┐тг┐тг┐тг┐тг┐тг┐тг┐тг┐тг┐тг┐тг┐тг┐тг┐тг┐тг┐тг┐тг┐тг┐тг╢тг╢тгетгОтгШтантаЫта┐тб┐тг┐тг╢тготгЭтгЫта╢твотгнтаЫтаРтаАтаАта╗тг┐тг┐тг┐тг┐тб┐таЯтаАтгатгдтбДтаАтаАтаатбДтгЖтаАтаАтвРтг╢тг╢тг╢тг╢тг╢тг╢тг╢тг╢тг╢тг╢тг╢тг╛тг╛тг┐"
"тг┐тг┐тг┐тг┐тг┐тг┐тг┐тг┐тг┐тг┐тг┐тг┐тг┐тг┐тг┐таАтаАтаАтаАтаАтаАтаАтаАтв╕тг┐тг┐тг┐тг┐тг┐тг┐тг┐тг┐тг┐тг┐тг┐тг┐тг┐тг┐тг┐тг┐тг┐тг┐тг┐тг┐тг┐тг┐тг┐тг┐тг┐тг┐тгЧтб╢тгетгЕтгЛтаПтгнтг╖тготб│таАтаАтв┤тг╛тг╖та┤таИтаЙтаЙтаЙтвАтгдтв╛тб┐тб┐твзтгдтбДтаБтаАтаАтамта╕та╛тгОтгЛтб┐тг┐тг┐тг┐тг┐та┐та┐тг┐тг┐тг┐тг┐тг┐"
"тг┐тг┐тг┐тг┐тг┐тг┐тг┐тг┐тг┐тг┐тг┐тг┐тг┐тг┐тбПтаАтаАтаАтаАтаАтаАтаАтаАтв╕тг┐тг┐тг┐тг┐тг┐тг┐тг┐тг┐тг┐тг┐тг┐тг┐тг┐тг┐тг┐тг┐тг┐тг┐тг┐тг┐тг┐тг┐тг┐тг┐тг┐тг┐таЛтаЩтаАта┐тб┐тг╜тг┐тбЫтбНтаЛтаАтаАтаАтаЙтаБтаАтаАтаАтаАтаАтватаМтаУтаАтаСтвАтг┐тб╖таАтаАтаАтаАтаАтаИтаЙтвБтаАтвАтгАтгВтгРтгТтг║тгЯтг╜тгЫтгЫтбЫ"
"тг┐тг┐тг┐тг┐тг┐тг┐тг┐тг┐тг┐тг┐тг┐тг┐тг┐тг┐тбЗтаАтаАтаАтаАтаАтаАтаАтаАтв╝тг┐тг┐тг┐тг┐тг┐тг┐тг┐тг┐тг┐тг┐тг┐тг┐тг┐тг┐тг┐тг┐тг┐тг┐тг┐тг┐тг┐тг┐тг┐тг┐тг┐тг┐тб╖таАтаАтаАтвитг┐тг┐тбЗтаАтаВтбАтаАтаАтаДтаАтаАтаАтаАтаАтаАтаИтаЫтавтаНтаЙтаЙтаАтаАтаАтаАтаАтаАтаИтаАтгдтаАтаРта┐тг┐тв┐тг┐тг┐тг┐тг┐тг┐тг┐тг┐тг┐"
"тгптв┐тг┐тг┐тг┐тг╜тг┐тг┐тг┐тг┐тг┐тг┐тг┐тг┐тбЗтаАтаАтаАтаАтаАтаАтаАтаАтг┐тг┐тг┐тб┐таЯтаЫтаЫтаЫтаЫтаЫтаЫтаЫтвЫтг┐тг┐тг┐тг┐тг┐тг┐тг┐тг┐тг┐тг┐тг┐тг┐тг┐тг┐тгжтаАтаАтвАтаРтаЩтвлта╢таЪтгатв┤твТтбдтбАтаАтаАтаАтаАтаАтаАтбЖтаАтаАтаАтаАтаАтаАтаАтаАтаАтаАтаАтаЦтгитг╖тбЖтаРтбжтаАтаВтвЬтаНтг┐тг┐тг┐тг┐тг┐тг┐"
"тгзтаатв║тг╖тб┐тг╝тг╢тг┐твнтг┐тгптг┐тг┐тг┐тбЗтаАтаАтаАтаАтаАтаАтаАтаАтг┐тг┐тбБтаАтаАтаАтаАтаАтаАтаАтаАтаАтаАтаЩтаЫтаЪтаЫта╗таЯта╗та╗та┐тб┐тг┐тг┐тг┐тг╜тг┐тг╖тгдтбАтвАтгИтбИтаБтаДтаИтаАтаБтаЙтаГтаАтаАтаАтаАтаАтаАтаРтабтаАтаАтаАтаАтаАтаАтаАтаАтаАтаАта║тг┐тг┐таГтаАтвЗтаАтвАтбАтвГтг╜тг┐тг┐тг┐тг┐тг┐"
"тг┐таАтв╕тг┐тбЗтг┐тг┐тг┐тв║тг┐тг┐тг╗тг┐тг┐таАтаАтаАтаАтаАтаАтаАтаАтбАтаЙтаАтаАтаАтаАтаАтаАтаАтаАтаАтаАтаАтаАтаАтабтамта┤таАтаТтаРтаТтаТтаАтбДтаАтаАтаАтаАтаАтаИтаЙтаЙтаБтаЩтаУтаИта▒тажтадтажтбАтаАтаИтаЩтгдтаАтаРтаДтаАтаАтаАтаАтаАтаАтаАтаАтгАтаАтаАтаАтаКтаБтвдтгАтбАтавтвзтбРтвАтаАтаЙтг╜тг┐тг┐тг┐"
"тг┐таАтв╕тг┐тг╖таЛтаБтаЩтг╝тбЭтвСтг╛та┐тв┐тгАтгдтг┤тг╢тг╢тг┐тг╢та╢таЖтаАтаАтаАтаАтаАтаАтаАтаАтаАтаАтаАтватгдтгНтгИтгАтгВтгРтгЙтгУтгТтгТтгТтаТтгЦта▓тб║таЙтаДтвАтвДтаАтаИтаЙтаАтаБтаАтаТтаТтаВтаДтаАтаАтаАтбАтаБтаАтаАтаАтаАтаАтаАтаАтаАтаАтватаЙтаатаАтаАтаАтаАтватаТтбЭтбЙтаЙтаТтаРтаУтаШтайтг╜тг┐тг┐"
"тг┐тбЖтв╕тг┐тг┐тадтвлтабтвЗтглтгмтг╢тг┐тг┐тг┐тгЯтаЛтаЙтаЙтаЙтаАтаАтбАтаАтаДтаатаРтвАтаВтбРтвАтаВтбБтаЖтв╕тг┐тг┐тг┐тг┐тг┐тг┐тг┐тг┐тг┐тг┐тг┐тг┐тг┐тг┐тг┐тг┐тг┐тб┐тазтайтвЖтгдтбмтгдтгдтбДтгдтвдтгдтгдтвдтгДтгАтгАтгАтгАтгАтаАтаАтбАтаАтаАтаАтветаШта░таАтаАтаАтаАтаАтаДтгйтбАтаАтаИтгУтгжтг▓тг╛тг┐тг┐тбЯ"
"тг┐тг╖тг┐тг┐тг┐тгШтаЫтаЫта╗та┐та┐та┐та┐тг┐тг┐тг╖тготгдтгдтгАтгАтгИтаАтвБтаИтаДтбБтаВта░таРтвВтаМтгРтвВтг┐тг┐тг┐тг┐тг┐тг┐тг┐тг┐тг┐тг┐тг┐тг┐тг┐тг┐тг┐тг┐тг┐тг┐тг╖тгЦтв░тг╛тг┐тг╖тг╛тг╖тг╛тгмтгнтгнтгнтгмтгнтгнтг╜тг┐тг┐тг╜тг┐тг┐тгнтг╢тгжтгАтгитгДтбРтадтгДтаАтаАтаАтбРтгШтвЙтг┐тгжтгНтаЦтв│тг╜та┐тг╗тг╖"
"тг┐тг┐тг┐тгЗтаЙтаЩтаЫтаЫта┐та╢та╢твЦтгатгдтбдтаАтаАтаИтаАтаАтаАтаЙтаАтаАтаатаВтаРтаИтадтажтаМта░таАтг╕тг┐тг┐тг┐тг┐тг┐тг┐тг┐тг┐тг┐тг┐тг┐тг┐тг┐тг┐тг┐тг┐тг┐тг┐та┐тгВтг╕тг┐тг┐тг┐тг┐тг┐тг┐тг┐тг┐тг┐тг┐тг┐тг┐тг┐тг┐тб┐та┐твЯтгЫтгЫтгЫтгЫтг╗тб┐тгЯтг┐тг┐тг┐тг┐тг┐тгзтбЭтанта╖та╝та┐та┐таЯта╢тбЪтбЕтв╕тгптбН"
"тг┐тг┐тг┐тг┐тг╖тг╢таАтаАтаАтаАтаАтаАтаАтаАтаИтаЙтаЙтаБтаТтаТтаАтаАтаАтвАтаАтаАтаАтаАтаАтаАтаАтаАтаАта┐та┐таЫтаПтаЫтгЫтвЫтгЫтгЫтгЩтгЫтгЫтгЫтгЫтгЫтгЙтгУтгТтгОтг╡тгвтгдтгдтгдтгдтгетгнтгнтгетгдтгмтгетгптг╢тг╢тг╢тг╢тг╢тг╢тг╢тг┐тг┐тв┐тб╖тг┐тг╗та╢тв╖та╗таЮтаУтвЫтгЪтаЛтаЙтаЙтаНтвдтгмтаТтвСтаГтг╛тбЗтгп"
"тг┐тг┐тг┐тгЫтб┐та┐тажтаИтаАтаБтаВтаДтаатвАтаАтаБтвАтаАтаАтаАтаАтаАтаИтаАтаАтаБтаИтаАтаДтаАтаетаАтвата┐тб┐тв┐тв┐та┐тгптв┐тв┐тб╗тгЯтв┐тб╗тгЯта┐тгЯтв┐тгЫтб╗тгЯтаЯтгптвнтбЭтгйтаЯтб╣тантаПта╜тгШта╣тгЛтвЗтгУтгОтг▒тгйтбнтгНтг╖тгйтг╝тггтгнтг╡тгзта┐та╢та╢та╢та┐таТтаТтаЫтаЛтаЫтаЙтаЙтаБтаАтвШтаАтв┐таЗтг┐"
"тг╛тг╖тбЮтаЙтвЙтгЙтбЗтаЛтаЭтвТтб▓тадтвдтгАтаИтаАтаВтаАтаВтаМтаАтаАтаАтаАтаАтаАтаАтаАтаАтаАтаатаАтаАта┐тбЬтвПтаЮта╗таЩтаЮтбНтв│тгЙтвлтгСтгОтгЪтгетггтгмтг╡тгмтгнтг╝тг╢тг╢тг╢тг┐тг╛тг┐тг┐тг┐тб┐та┐та┐та┐таЫтаЫтаЫтвЫтаЫтгЙтаЙтаЙтаБтаБтаАтаАтаАтаАтаАтаАтаАтаАтаАтаАтаАтвАтгАтбдтвдтаАтбАтбИтаАтаШта░таЯ"
"тб┐тг╖та╢тг╛тгИтгБтгАтбАтаАтаАтаАтаБтаБтаБтаОтгЙтв▒та╢твЖтгАтаАтаАтаАтаАтаАтаАта░таАтаАтаАтаАтаАтаАтг╢тг╛тг╢тг┐тв┐тг┐тг┐тг┐тг┐тг┐тг┐тг┐тг┐тг┐тг┐тг┐тг┐та┐та┐та┐таЙтвЙтаЙтбЙтвЙтгАтгЖтг╢та░та╢та┐таЙтаЙтаЙтаЙтаАтаАтаАтаАтаАтаАтаАтаАтаАтаАтаАтаАтгБтгАтв░тв╢та╢та╣тгПтбПтб╖тгОтг▒таЖтаАтб▒тгЖтгАтг┐тбЗ"
"та▓тг╛тг┐тг┐тг╣тг┐тбОтбХтгЛта╢тватгдтаАтбАтаАтаАтаАтаИтаБтаВтаЙтаБтаВтаАтаАтаАтаАтаАтаБтаАтаВтаАтаАта┐та┐та╖таЯтаЫтаЫтвЛтаЩтгЙтгйтгНтбнтгдта╢та╢таЦта▓таЦтаТтаЪтаЙтаЙтаЙтаЙтаБтаАтаАтаАтаАтаАтаАтаАтаАтаАтаАтвАтгатгдтг▓тг┤тг╢тг╢тг╛тг╛тг┐тг┐таБтвЛтаДтватбНтаШтаГтгптаЬтбСтаКтаГтаАтбИтвУта╗тг┐тг┐тгЖ"
"тг╢тг┐тг┐тг┐тг┐тг┐тбЗтб│твМтвгтаГтвЖтайтбШтвГта╢тввтбдтвДтбАтаАтаАтаАтаАтаАтаАтаАтаАтвАтаАтаАтаРтаАта╢таТтаТтаЪтаТтаЩтаИтаЙтаБтаАтаАтаАтаАтаАтаАтаАтаАтаАтаАтаАтаАтаАтаАтаАтаАтаАтгАтгАтгдтбдтгдтв╢тб╢тг╛тг╣та┐тгПтв╖тгЫтгЮтгптг╜тг┐тв┐тб┐тг╖тгЖтаРтгатб╛таЗтаатаЫтгБтаЙтаАтаАтаАтб╝тгбтбАтаИтвйтвЙтвЙ"
"таЫтаЫтаЙтаЙтаЙтаЙтаАтбСтаОтбдтгЙтаЖтб▒тватвГтбРтвВтадтаЙтбФтаЛтввтаАтаАтаАтаАтаАтаАтаАтаАтаАтаАтаАтаАтаАтаАтаАтаАтаАтаАтаАтаАтаАтаДтаДтвАтаАтаАтвДтгАтгДтгжтб┤твжта╖тгТтаЮтвлтб┐таЫтбЩтв╢тгйтвзтгПтг╢тв╢тг┐тг╗тг╜тг┐тг╗тг┐тг┐тг┐тб┐таЯта╗таЛтаИтаАтвБтаата╢таЫтвЛтбБтадтаТтаКта╕таБтгЙтвЫтвИтгЫта┐таЗ"
"таАтаАтаАтаАтаАтаАтаАтвШтбМта▓тадтбЙтвЖтагтгВтбЬтггтвжтгЕтгВтаНтадтвЙтвТта░тватаАтбДтаАтаВтаАтаАтаАтватаАтаРтбАтвВтб░тгАтг▓тгдтвмтбЦтб╛та╢тгЫтбЫтаПтаЫтвнтб╢твнтвотб╡тгНтбЪтаЩта┤таЯтаЛтв░тгптг╖тг╗тг╜тг┐тг┐тг┐тб┐та┐таЫтаЫтаЙтаАтаАтаАтаАтаАтаАтвАтбЙтаДтаТтвКтббтаАтаВтаАтбАтвВтвЦтг╛тбптвитгнтг╜тгУ"
"таАтаАтаАтаАтаАтаАтаАтватаМтбРтаТтаотгУтаптбЭтгПтвйтвптбЩтгПтвПтб▒твКтажтгСтбКта┤тгИтаСтбЖтаМтбдтаАтб╢тгПтг╗тб╣тбнтгЧта╖тг╝тг▓тг│тбЮтбЗтаЮтаАтгбтбЖта╗таГтвИтб┐тв╖тг║тбЭтгзтаАтаатбатг┤тг┐тгЯтб╛таЯтаЫтаЙтаЙтаАтаАтаАтаАтаАтаАтгАтгатбдтб┤та▓твЙтгйтадтаТтаЙтвАтбАтаДтаАтабтаВтветг┐тгЯтаГтв║тг┐тг┐тг┐"
"твАтгАтгАтгдтгдтгдтг╢тбЖтаИтаРтабтвВтаДтбЙтаТтаотвШтвжтбЩтгТтамта░тгБтаЦтбдтбЙтаЗтвЖтвгтаШтбТтвДтаГтб╖тгЫтв╢тб╗тг╡тгптв┐тбнтв╖твзтг┐тг┐тбДтаДтв░таАтаАтгатг╛тг┐тгптг╖тв┐тб╗таЯтаАтв│таИтаБтаАтвТтаАтаАтаАтаАтаАтгАтгдтг┤тг╛тбЯтгптг╖та╖таУтаАтбБтвАтбатаРтаАтвАтбАтвАтвДтаАтаАтаАтаИтаЙтамтаЯта┐тг┐тг┐"
"тг┐тг┐тг┐тг┐тг┐тг┐тг┐тб┐твЖтбДтаАтаДтаИтаРтайтаТтбдтбИтаСтаИтаотбСтвМтвОтб░тгЙтаЮтгЙтажтбЩтвФтбКта░тб╜тгнтб╖тг╜тг╖тг╛тв╛тг╜тг┐тг┐тг┐тг┐тг┐тг╢тватвРтбЬтб┐таЯтаЫтвЙтаИтаДтвАтгАтгдтг┤таота╢таЩтвйтгАтгдтг╢тг╛тв┐тбЯтг╝тб╢таПтаЪтаЙтаАтаАтаАтватаИтаХтвАтбатвОтаЕтаФтаЛтаБтаАтаАтаАтбДтг╛тг╢тг╢тг╢тг╛тг┐"
"тг┐тг┐тг┐тг┐тг┐тбЫта╗тбЗтаАтаЙтаУтажтвЖтбАтбАтаАтаАтаАтаАтаАтаАтаАтаЙтаРта░таМтбЬтгатвТтбЙтвжтвШтв╕тгЯтг╖тг┐тг╗тг╖тг┐тг┐тг┐тг┐тб┐та┐та┐таЫтаГтаИтаИтаЙтвАтвАтг░тгдтб╢таЯтгЫталтаЙтгАтгдтг┤тб╛тгЯтб╜таЭтбУтантаТтаИтаАтаАтгАтадтаВтаАтаАтаАтгАтаатг░таОтаУтаБтбАтаАтаАтаАтаАтаАтгатг┐тг┐тг┐тг┐тг┐тг┐тг┐"
"тг┐тг┐тг┐тг┐тг┐тбДтаАтаАтаТтаМтбАтаАтвБтаИтаСтагтвАтаАтаАтаАтаАтаАтаАтаАтаАтаАтаИтаРтаВтаХтввтвбтв╕тб┐тв┐тг╗таЯтаЯтаЫтаЛтвЙтбБтаДтаДтаАтаАтаАтб▓та┤та╢твУтаЩтаЙтаАтгЙтгбтвдтаЮтгЭтблта╡тгЪтантаСтаИтаБтаАтвАтгатадтаТтаЙтаАтаАтаБтаАтаИтаАтаБтаИтвБтаатаБтаАтаАтаАтаАтаАтаДтг╢твБтг┐тг┐тг┐тг┐тг┐тг┐тг┐"
"тг┐тг┐тг┐тг┐тг┐тгжтгДтаатаАтаАтаатвбтаТтаАтаАтаАтаАтаАтаБта▓твДтбАтаАтаАтаАтаАтаАтаЙтвТтаатвДтбИтаРтаЙтгБтаатаатаРтаВтаЙтаАтаАтаАтаАтаАтаАтаАтаВтвАтгбтадтб┤тбЪтгЭтбнтаЦтгКтантаФтаКтаБтаАтаАтвАтбдтаЦтаЪтаБтаАтбАтаАтаАтаАтаАтаАтаАтаАтаАтаИтаАтаАтаАтаАтаРтаТтаВтаАтгИтбатаЗтг╕тг┐тг┐тг┐тг┐тг┐тг┐тг┐"
"тг┐тг┐тг┐тг┐тг┐тг┐тг┐тг┐тгжтгХтбатвАтгйтаАтаАтаАтаАтвАтаАтаАтаАтаВтаатвДтбАтаАтаАтаАтаАтаАтаАтаИтаИтаБтаАтаАтаАтаАтаАтаАтаАтвАтвАтгАтгатвдтвЦтблтгЭтбжтаЭтгТтбйтаФтаВтаЙтаАтаАтаАтвАтбдтаЦтаКтаБтаАтватбАтвЖтаУтвИтадтаЬтаВтаАтбАтаЙтаАтаАтвТтбВтвДтгАтбАтаТтвАтаАтбАтаАтаатадтвЩтгЙтаЫта╗таЯтв┐тб┐тв┐"
"тг┐тг┐тг┐тг┐тг┐тб┐та┐таЫтаЫтаЙтаБтаИтаАтаАтаАтаАтаАтаИтаАтаАтаАтаАтаАтаатвИта▒твВтадтбАтаДтаАтаАтаАтаАтбАтбАтаДтвАтг░тб╢тбЮтвптвлтгЩтаота│твЪтбйтаФтаТтаЙтаАтаАтаАтаАтгАтадтаРтаИтаБтаАтбАтвДтбШтамтаСтаИтбатаТтаЙтаАтбРтаДтаБтаАтаАтаАтадтгАтаРтбРтаАтаЩтаЙтаЙтаЙтаЙтаАтаАтв░тг╢тгдтгнтгБтбТтаАтаАтаЕ"
"тб┐та┐тгЯтг╗тгнтаЖтаАтаАтаАтаАтаАтаАтаАтаАтаАтаАтаАтаАтвАтбдтаВтаАтаАтаАтбАтаИтаВтаетбСтаетбТтбДтб╢тгбтв┤тбТтгПтвПтгЦтбетаЫтгКтаетаФтаТтаЙтаБтаАтаАтаАтвАтгатаФтаТтаЙтаБтаАтбАтаДтбВтаетаШтаВтббтаРтбДтаУтаАтбДтаВтаБтаАтаАтбАтаАтвАтаДтаВтаБтаАтаБтаИтаАтаАтаАтаАтаАтаАтаАтаЫтаИтаЛтв┐тг┐тг┐тг┐тг╖тбЖ"
"тг┐тг┐тг┐тг┐тг┐тгЖтаАтаАтаАтаАтаАтаАтвАтаАтаАтаАтаАтаАта╕таАтаАтаАтаАтаАтаАтаБтаатаАтаИтаРтабтаВтгЭтгвтазтаЭтгКтбйта┤таТтаЙтаБтаАтаАтаАтаАтгАтбдта┤таЪтаЙтаАтаАтаАтаАтаАтабтаРтавтвИтаФтаКтабтаДтаГтаДтаВтаБтаАтаАтбАтаВтаАтаАтвДтаГтаатаатаАтаАтаАтаАтаАтаАтаАтбАтаИтаАтаАтаАтвАтаАтаАтаАтаИтаЫта┐тб│"
"тг┐тг┐тг┐тг┐тг┐тг┐тг┐таЖтаАтаАтаАтв░тбЯтаАтаАтвАтбАтаАтаБтаАтаАтаАтаАтаАтаАтаАтаАтаАтаАтаАтаАтаАтгита┤таЦтаЛтабтаАтаАтаАтаАтвАтгАтбдтаТтаЛтаБтаАтаАтаАтаАтаАтаАтбАтаАтвАтаАтаАтаАтаЙтвАтаОтаБтаДтаБтаАтаАтаАтаАтбДтаАтаРтаатвБтаАтаИтаАтаАтаАтаАтаАтаАтаАтаАтаВтаАтбАтаАтвАтаАтаДтаАтаАтаАтаАтаАтаЬтаМ"
"тг┐тгЯтг╗танта╖тв╛тг┐таГтаДтаАтаКтаЭтаБтаЦтаКтаАтаАтаАтаАтаАтаАтаАтаАтаАтаАтаАтаАтаАтаАтаАтаАтаАтаБтаАтаАтаАтаАтвАтгата┤таЪтаЙтаБтаАтаАтаАтаатаРтаАтаАтаАтвАтаБтаАтаАтаАтаАтаАтбАтаАтаАтаВтадтаАтвАтгАтгАтаатаГтаАтаДтбБтаВтаДтаАтаАтаАтаАтаАтаАтаАтаАтвАтаРтаАтаАтаАтаАтаАтаВтаАтаАтвАтаАтаАтвИтаОтаА"
"тг┐тг┐тг╖тгМтаатаЯтаБтгКтаАтвФтаВтаАтаАтаАтаАтаАтаАтаАтаАтаАтаАтаАтаАтаАтаАтаАтаАтаАтаАтаАтаАтаАтаАтгАтбатаЦтаЛтаБтаАтаАтаАтаАтаАтаАтаВтаБтаАтвАтаатаРтаИтаАтбАтаРтаАтаАтаВтаБтаАтаАтаАтаАтбАтаДтбАтаШтаЙтвЫтаТтаИтаАтаАтаАтаАтаАтаАтаАтаАтаАтаАтбАтаМтбАтаАтбАтватаАтбМтвАтаРтаАтаИтвАтаАтвАтаВтаАтаА"
"та┐тв┐тглтветгЬтвмтв╣таИтаБтаАтаАтаАтаАтаАтаАтаАтаАтаАтаАтаАтаАтаАтаАтаАтаАтаАтаАтаАтаАтаАтаатаАтаЛтаБтаАтаАтаАтаАтаАтаАтаАтаАтаАтвВтаатаДтаБтаВтаАтаВтаДтаБтаАтаАтбАтаВтаАтаАтаАтаАтвАтаВтвАтаВтаАтаБтаАтаАтаАтаБтаАтаатвБтгАтаАтаАтаатаАтаДтабтвАтаВтаатабтбРтвЖта│тбРтвЖтадтвИтаАтаАтватаВтаАтаАтаА"
""
"ЁЭРГЁЭРвЁЭРмЁЭРЮЁЭРЪЁЭРмЁЭРЮЁЭРм ЁЭРЪЁЭРзЁЭРЭ ЁЭРГЁЭРЮЁЭРЪЁЭРнЁЭРб"
"Smoking leads to disease and disability and harms nearly every organ of the body."
""
"- More than 16 million Americans are living with a disease caused by smoking."
"- For every person who dies because of smoking, at least 30 people live with a serious smoking-related illness."
"- Smoking causes cancer, heart disease, stroke, lung diseases, diabetes, and chronic obstructive pulmonary disease (COPD), which includes emphysema and chronic bronchitis."
"- Smoking also increases risk for tuberculosis, certain eye diseases, and problems of the immune system, including rheumatoid arthritis."
"- Smoking is a known cause of erectile dysfunction in males."
""
"Smoking is the leading cause of preventable death."
""
"- Worldwide, tobacco use causes more than 7 million deaths per year. If the pattern of smoking all over the globe doesnтАЩt change, more than 8 million people a year will die"
"from diseases related to tobacco use by 2030."
"- Cigarette smoking is responsible for more than 480,000 deaths per year in the United States, including more than 41,000 deaths resulting from secondhand smoke exposure."
"This is about one in five deaths annually, or 1,300 deaths every day."
"- On average, smokers die 10 years earlier than nonsmokers."
"- If smoking continues at the current rate among U.S. youth, 5.6 million of todayтАЩs Americans younger than 18 years of age are expected to die prematurely from a smoking-related"
"illness. This represents about one in every 13 Americans aged 17 years or younger who are alive today."
""
"ЁЭРВЁЭРвЁЭРаЁЭРЪЁЭРлЁЭРЮЁЭРнЁЭРнЁЭРЮЁЭРм ЁЭРЪЁЭРзЁЭРЭ ЁЭРГЁЭРЮЁЭРЪЁЭРнЁЭРб"
"Cigarette smoking causes about one of every five deaths in the United States each year.  Cigarette smoking is estimated to cause the following:"
""
"- More than 480,000 deaths annually (including deaths from secondhand smoke)"
"- 278,544 deaths annually among men (including deaths from secondhand smoke)"
"- 201,773 deaths annually among women (including deaths from secondhand smoke)"
""
"Cigarette smoking causes premature death:"
""
"- Life expectancy for smokers is at least 10 years shorter than for nonsmokers."
"- Quitting smoking before the age of 40 reduces the risk of dying from smoking-related disease by about 90%"
""
"ЁЭРТЁЭРЮЁЭРЬЁЭРиЁЭРзЁЭРЭЁЭРбЁЭРЪЁЭРзЁЭРЭ ЁЭРТЁЭРжЁЭРиЁЭРдЁЭРЮ ЁЭРЪЁЭРзЁЭРЭ ЁЭРГЁЭРЮЁЭРЪЁЭРнЁЭРб"
"Exposure to secondhand smoke causes an estimated 41,000 deaths each year among adults in the United States:"
""
"- Secondhand smoke causes 7,333 annual deaths from lung cancer."
"- Secondhand smoke causes 33,951 annual deaths from heart disease."
""
"ЁЭРВЁЭРиЁЭРмЁЭРнЁЭРм ЁЭРЪЁЭРзЁЭРЭ ЁЭРДЁЭР▒ЁЭРйЁЭРЮЁЭРзЁЭРЭЁЭРвЁЭРнЁЭРоЁЭРлЁЭРЮЁЭРм"
"Smoking costs the United States billions of dollars each year."
""
"Cigarette smoking cost the United States more than $600 billion in 2018, including:"
"- More than $240 billion in healthcare spending."
"- Nearly $185 billion in lost productivity from smoking-related illnesses and health conditions."
"- Nearly $180 billion in lost productivity from smoking-related premature death."
"- $7 billion in lost productivity from premature death from secondhand smoke exposure."
""
""
"""ЁЭУаЁЭУ╛ЁЭУ▓ЁЭУ╜ЁЭУ╜ЁЭУ▓ЁЭУ╖ЁЭУ░ ЁЭУ╝ЁЭУ╢ЁЭУ╕ЁЭУ┤ЁЭУо ЁЭУ▓ЁЭУ╝ ЁЭУк ЁЭУ╢ЁЭУкЁЭУ╗ЁЭУкЁЭУ╜ЁЭУ▒ЁЭУ╕ЁЭУ╖, ЁЭУ╖ЁЭУ╕ЁЭУ╜ ЁЭУк ЁЭУ╝ЁЭУ╣ЁЭУ╗ЁЭУ▓ЁЭУ╖ЁЭУ╜"""
